trade_count,generated_at
0,08:17:55
08:30:17,1,1.0,0.0,inf,0.1458,0.1458,0.0,0.1458,0.1458,0,0.05802228,0.1458,0.1458,60.52228116989136,0.0
