trade_count,generated_at
0,08:17:55
08:30:17,1,1.0,0.0,inf,0.1458,0.1458,0.0,0.1458,0.1458,0,0.05802228,0.1458,0.1458,60.52228116989136,0.0
08:41:11,1,1.0,0.0,inf,0.1458,0.1458,0.0,0.1458,0.1458,0,0.05802228,0.1458,0.1458,60.52228116989136,0.0
09:31:38,2,1.0,0.0,inf,0.08687500000000001,0.08687500000000001,0.0,0.17375000000000002,0.17375000000000002,0,0.11560963500000002,0.1458,0.02795,63.949636340141296,0.0
09:42:48,2,1.0,0.0,inf,0.08687500000000001,0.08687500000000001,0.0,0.17375000000000002,0.17375000000000002,0,0.11560963500000002,0.1458,0.02795,63.949636340141296,0.0
10:04:34,2,1.0,0.0,inf,0.08687500000000001,0.08687500000000001,0.0,0.17375000000000002,0.17375000000000002,0,0.11560963500000002,0.1458,0.02795,63.949636340141296,0.0
